country,founded,id,industry,linkedin_url,locality,name,region,size,website
united states,2000,Z0l5jX5duHjpAZaBqrDxvgQScsmo,information technology and services,linkedin.com/company/j-c-enterprises,,j c enterprises,,1-10,jcenterprises.webs.com
united states,1997,KAJJ3IwjyjwlZyXeZMSeqQVnAiaO,information technology and services,linkedin.com/company/applied-ai-m2comsys,las vegas,m2comsys,nevada,201-500,
united states,2014,kZDp4KZmNhWtERd29WCMngBXMyqV,information technology and services,linkedin.com/company/it-m-co,orlando,it-m,florida,11-50,it-m.co
united states,2009,pfABOUOkP6hC3ktC0GBgdwRvlVXH,information technology and services,linkedin.com/company/the-visconto-group-inc.,langhorne,"the visconto group, inc.",pennsylvania,11-50,viscontogroup.com
united states,2022,23x0kh8rUZZ4B9e04hcdogLaHhxs,information technology and services,linkedin.com/company/rahe-solutions,leander,rahe solutions,texas,1-10,rahesolutions.com
united states,2010,BfF9wTJLjx8LiPfBpaq1lAaZuNa3,information technology and services,linkedin.com/company/r-2-org,portland,r2 group,oregon,1-10,r-2.org
united states,2000,wTt9K102eePEdO9i2AzBfwE5TLLr,information technology and services,linkedin.com/company/north-avenue-technologies,atlanta,north avenue technologies,georgia,1-10,northavenue.net
united states,1999,8GHXd2sSHBffJqcxhWqj2gbpOlbL,information technology and services,linkedin.com/company/ketterling-search,plano,ketterling search,texas,501-1000,ketterlingsearch.com
united states,2018,6l1Kvyy0aEWorz8tPSzIDgICrqGb,information technology and services,linkedin.com/company/datariver-ai,mount kisco,"datariver ai, llc",new york,1-10,datariver.ai
united states,,C0zPzCHMNyCC7yqWBQFmqwWwNMG8,information technology and services,linkedin.com/company/edutracker,,edutracker,,1-10,
united states,2007,w8DEBbCJTLagJreasuUaBQhOsNiD,information technology and services,linkedin.com/company/flexton-inc,san jose,flexton inc.,california,51-200,flextoninc.com
united states,,Jd9QtNY5QBPTgFlT3IDA6wOqgPmu,information technology and services,linkedin.com/company/universal-computing-solutions,niagara falls,universal computing solutions,new york,11-50,universal-cs.com
united states,2018,H4jp7XozEdJ8UkjrCPtqkg3mbT38,information technology and services,linkedin.com/company/certified-inclusive,benton harbor,certified inclusive,michigan,1-10,certifiedinclusive.com
united states,2021,d5cDUKkCvieQ5UMHJ5KavgtVLWfs,information technology and services,linkedin.com/company/justin-hall-consulting,atlanta,justin hall consulting,georgia,1-10,justinhallconsulting.com
united states,,dopHTmMmjJ03ICkNTelKvA4gpvP2,information technology and services,linkedin.com/company/morgan-sachs,san francisco,morgan sachs,california,51-200,morgan-sachs.com
united states,2010,9xJZzcl1NuVrQJOjEQNKBgudOhkP,information technology and services,linkedin.com/company/izon-analytics,clearwater,izon analytics,florida,1-10,izonanalytics.com
united states,,57ulAqPpqeXwQvWeV4WPaQOlwGc9,information technology and services,linkedin.com/company/cintis-international,centennial,cintis international,colorado,1-10,cintisint.com
united states,2014,OfssUWK4YOP1lGJ9oyV2UAXqiZC1,information technology and services,linkedin.com/company/social7,grand rapids,social7,michigan,1-10,social7gr.com
united states,2020,eEuCYzRUKRZv2vR2L9oG2QnzvtFA,information technology and services,linkedin.com/company/lmtlssintl,san francisco,lmtlss,california,1-10,lmtlss.vip
united states,2016,LkJJEXIEyh7Gy6Bg3WZGPAp5XoNV,information technology and services,linkedin.com/company/ninjaworkspace,toms river,ninjaworkspace,new jersey,51-200,nynja.work
united states,2020,PPIqj5PqoHxw2Y8CLGqVVQKDrtv4,information technology and services,linkedin.com/company/cef-technology-llc,cheyenne,cef technology,wyoming,1-10,cef-technology.com
united states,,BxYCfFS1xsrVM5MB3M1S0AOj4bvq,information technology and services,linkedin.com/company/aiva-consulting-llc,princeton,aiva consulting llc,new jersey,1-10,aivaconsulting.com
united states,2005,F7TVa22jWUPuJV7xGD8CNQDqZose,information technology and services,linkedin.com/company/connectsource-solutions-inc.,mount pleasant,"connectsource solutions, inc.",south carolina,11-50,connectsourceinc.com
united states,2021,UL52AYbyKcej0XlpUAZcBQbETEqV,information technology and services,linkedin.com/company/blockbuilderlabs,,block builder labs,,1-10,blockbuilderlabs.com
united states,,HOT7Cr5sdOyTHPcZWzhr5gWLCveR,information technology and services,linkedin.com/company/s-n-homes,south charleston,s n homes,ohio,1-10,snhomes.in
united states,,OIhkqzAXrk5j20NI1qSfOw7ZMyR0,information technology and services,linkedin.com/company/fusionsis-inc,sterling,fusionsis inc,virginia,1-10,fusionsis.com
united states,2004,fXlNdw7ENl4YD8YLz5zQ5A6kJsMU,information technology and services,linkedin.com/company/aabcom-solutions,highlands ranch,quanta intelligence,colorado,1-10,quantaintelligence.com
united states,2007,DV26hyxxCcllHCldX4VOBw6TztWq,information technology and services,linkedin.com/company/blue-ridge-global,johns creek,blue ridge,georgia,51-200,blueridgeglobal.com
united states,2018,y5hepRUdkWXlbUpFNrXsGwfNraqr,information technology and services,linkedin.com/company/shear-communications-limited,lansing,shear communications,michigan,1-10,shearcommunications.com
united states,2019,w48A2zE7UCYykMuOmPmhBwqwtuuE,information technology and services,linkedin.com/company/opennube,orlando,opennube,florida,11-50,opennube.com
united states,2000,Q99gxNUU24Wfrr3xb5iRYglba4bR,information technology and services,linkedin.com/company/eivf-inc,irving,eivf,texas,11-50,eivf.org
united states,2012,CQHC7RTSiu7jhtCSD5O2ughALRRv,information technology and services,linkedin.com/company/invicktus,novi,invicktus,michigan,11-50,
united states,,nN56qrrQswPK6ehYgBf4lwXPR3cq,information technology and services,linkedin.com/company/arcadia-flowers,arcadia,arcadia flowers,california,1-10,
united states,2011,CnEoreBjZBsHifge4jORvQFlZUsv,information technology and services,linkedin.com/company/itsm-university,murfreesboro,itsm university,tennessee,1-10,itsmuniversity.net
united states,,b1rfUmluZMeXo5sqMibLBQk9cwW2,information technology and services,linkedin.com/company/royaltechllc,washington,royal technology llc,district of columbia,501-1000,about.me/royaltech
united states,,BKXN0AHUphLvoNjXljCsSA9t1lVb,information technology and services,linkedin.com/company/joint-educational-facilities,washington,joint educational facilities,district of columbia,1-10,jef.org
united states,1996,JLlQIqSqrO3GTSsB0ymm5wZD6wIJ,information technology and services,linkedin.com/company/primetech-systems-inc.,bridgeville,primetech systems inc.,pennsylvania,11-50,
united states,,ZjVpwHAa82Ho145D5CGzqgNiinUX,information technology and services,linkedin.com/company/salient-technical-services,lewisville,salient technical services,texas,1-10,salienttechnicalservices.com
united states,1993,AAWPxt4hHgMXdCWzF9iypAnHivWz,information technology and services,linkedin.com/company/community-it-innovators,washington,community it innovators,district of columbia,51-200,communityit.com
united states,2005,H2xKHuxsMZLrtbx8k98rcwUQjRHu,information technology and services,linkedin.com/company/oriel,,oriel,,1-10,statorgservices.com
united states,,1B8n92hDbzlwAKA16mo4oQMCQqxo,information technology and services,linkedin.com/company/alignstaffingconsulting,madison,align staffing and consulting,wisconsin,11-50,alignwi.com
united states,2015,8CXqbghEo0vnsLYuFZxeDA525Hy4,information technology and services,linkedin.com/company/t-exponents,mercer island,t exponents™,washington,11-50,texponents.com
united states,1997,d6DsXJNnyQXjf9LXdRdexAYrimYg,information technology and services,linkedin.com/company/pc-alternatives-inc-,virginia beach,"pc alternatives, inc.",virginia,1-10,pcalt.biz
united states,,cfR8dBZuW4UmCow4BMICsg6LJW41,information technology and services,linkedin.com/company/zeus-logics,manhattan,"zeus logics, inc.",new york,11-50,zeuslogics.com
united states,2015,6bMDPxRE0l1XCTyaUBJTqwWu0XJy,information technology and services,linkedin.com/company/fortessa-hosting-inc,laguna beach,fortessa technologies,california,1-10,fortessatechnologies.com
united states,2016,bWoXHE6JPtrTW5hevk4W1gzsDvaa,information technology and services,linkedin.com/company/flowglobe-media,durham,flowglobe,north carolina,1-10,flowglobe.io
united states,,BxxEA9lKMoiiyU3FnRYJOwGuzt2v,information technology and services,linkedin.com/company/interon-it-solutions,chantilly,interon it solutions,virginia,11-50,interonitsolutions.com
united states,,BSgH5GeoYIGByQ3YgLNn1gxnhbb7,information technology and services,linkedin.com/company/kings-quarter-horses,,kings quarter horses,,1-10,kingsquarterhorses.com
united states,2023,1DewF458R1WjmBdQa08ItQSWkIdP,information technology and services,linkedin.com/company/bi-technologies-global,robbinsville,bi technologies,new jersey,1-10,
united states,2016,tACrtGIIz6zWDCySAnEx3QJvDvST,information technology and services,linkedin.com/company/talentika,folsom,talentika technologies llc,california,11-50,talentikatechnologies.com
united states,,dtFQ5BUUvlC804qBfIwwKgQkQvpr,information technology and services,linkedin.com/company/center-tech-comm-inc-,,center tech comm. inc.,,1-10,centertechpr.com
united states,,Ua6Q9ZRoVwdRUHzABwRx5gSSFgad,information technology and services,linkedin.com/company/davie-enterprises,branford,davie enterprises,connecticut,1-10,
united states,,9M7bNJl0tWkWPAQJtNzLRQFt3dog,information technology and services,linkedin.com/company/rocky-mountain-powersports,littleton,rocky mountain powersports,colorado,1-10,
united states,1985,pxPWB4P7fdMJEvbcYXSRdQMPkZg8,information technology and services,linkedin.com/company/intersoft-inc.,lake oswego,"intersoft, inc.",oregon,11-50,intersoftinc.com
united states,,zxjjAYYm8xzc2hOOVyvgEQ62bSQw,information technology and services,linkedin.com/company/it-desk-expert,ocean,it desk expert,new jersey,11-50,itdesk.expert
united states,2013,N6vWXKUvjAHnLPAEdDcuGAZtQiw2,information technology and services,linkedin.com/company/vaporware,raleigh,vaporware,north carolina,1-10,vaporware.net
united states,1980,V9yioPxa9F7YsjqzHaNthQASW5oD,information technology and services,linkedin.com/company/thompson-electronics-company,peoria,thompson electronics company,illinois,51-200,thompsonet.com
united states,2014,PC1iZZnLyUpmpxl0hBVo5g6bnS3X,information technology and services,linkedin.com/company/g9-solutions-inc.,,"g9 solutions, inc.",,1-10,g9solutions.com
united states,1990,4Lc4fK7BxBMsB3A94QtW1gEDkMYx,information technology and services,linkedin.com/company/advanced-microscopy-techniques-corp-,woburn,advanced microscopy techniques corp.,massachusetts,11-50,amtimaging.com
united states,2015,dzrUw1rneNJJcqNjQ46d4g4ZdxhG,information technology and services,linkedin.com/company/advan-tech,byron,advantech,georgia,1-10,advantechservices.com
united states,,yQAdWG3w6zAEUooXhUWZnQBX7SNj,information technology and services,linkedin.com/company/m5-computer-services,fresno,m5 computer services,california,11-50,
united states,,m89KBIWwiCC3yo5470rlIQ4UYvCh,information technology and services,linkedin.com/company/hirecandid-com,edison,hirecandid.com,new jersey,1-10,hirecandid.com
united states,1990,OKLHG5XDzRbIf6LPz7V9RAlPJlsZ,information technology and services,linkedin.com/company/a-blake-tech,arverne,a blake tech,new york,1-10,webdesignbyabt.com
united states,1957,awWjCPwuZo9CyYBxKYCcPw0JplWp,information technology and services,linkedin.com/company/poul-tarp-inc,sauk centre,poul tarp inc.,minnesota,1-10,poultarpinc.com
united states,,K02VDg8IonLEQ0cw2t6F0wbUQiAs,information technology and services,linkedin.com/company/landers-electrical-co-inc,north andover,landers electrical co inc,massachusetts,1-10,
united states,,0auXp5xW1RnTJ5NIoFBKVQ9Wyem6,information technology and services,linkedin.com/company/weengineer,hackettstown,weengineer,new jersey,1-10,weengineerx.com
united states,,m1WjXnItdCBss9tuRBLWjAkf4sxq,information technology and services,linkedin.com/company/microlab-computers-inc,harrisburg,microlab computers inc,north carolina,11-50,microlabcomputers.com
united states,,FTCMz8idWBof82mMlEdQ6wUNdwn7,information technology and services,linkedin.com/company/sysage-technology-inc,el monte,sysage technology inc,california,51-200,goldenlionusa.com
united states,2018,l5PhBmjh2BJiqrHYwjCeqwr6nQMa,information technology and services,linkedin.com/company/omni3,herndon,"omni3 partners, llc",virginia,11-50,
united states,,LqKyQgZB9hC9eeXzfQl5jwWT4ENm,information technology and services,linkedin.com/company/new-york-luxury-limousine,new york,new york luxury limousine,new york,1-10,traversecitylimos.com
united states,2012,jEoS1K4tMAPP0Zv7veBHggwhvxfE,information technology and services,linkedin.com/company/office-in-a-box,orlando,office in a box technologies,florida,1-10,officeinabox.biz
united states,,E541jbXmA9oPHZ69DVD1twuYmrkg,information technology and services,linkedin.com/company/world-baseball-rating-corp,miami,world baseball rating,florida,1-10,worldbaseballrating.com
united states,2021,CNQUiCZHIUy5B4xvT0xYRgn1lYOu,information technology and services,linkedin.com/company/nftcombining,dover,nft combining,delaware,1-10,nftcombining.com
united states,2015,Y9v9TDrUCbCUicrC3DhZGwze7p6v,information technology and services,linkedin.com/company/bit-principle-inc,kansas city,"bit principle, inc",missouri,1-10,bitprinciple.com
united states,,QTPvt0wjZQLcJ18V4x3xJgQAtMEn,information technology and services,linkedin.com/company/j.c.-computers,monterey park,j.c. computers,california,11-50,jccomputersusa.com
united states,2002,O9o7W83isgNIsfrukSzRZgTkkKaD,information technology and services,linkedin.com/company/blogconsulting.com,houston,blogconsulting.com,texas,11-50,
united states,2021,0ZwnQCsQe2tKp6YITwLW6g94AWQu,information technology and services,linkedin.com/company/techosupport-global-com,sheridan,techosupport global llc,wyoming,11-50,techosupport.com
united states,,UYiQGB0oIfV0mZh37dEMOQUHsMnL,information technology and services,linkedin.com/company/focus-alliance-group-inc,stamford,focus alliance group inc,connecticut,1-10,
united states,,wi84wOkvVTCMYHvZ9BMvOQlTvpPp,information technology and services,linkedin.com/company/otb-techies,,otb techies,district of columbia,1-10,otbtechies.com
united states,1985,GYEvqVzL2zSYC497odWeOgdU2w9e,information technology and services,linkedin.com/company/alternative-business-systems,,alternative business systems,,11-50,altbussys.com
united states,,aidYBNB4OHuY7WSgSXVi2AXMkVlL,information technology and services,linkedin.com/company/msw-systems-and-consulting-inc.,tampa,"msw systems and consulting, inc.",florida,1-10,
united states,1998,9UFvunXxdU9rnsQrOBuJkAZoyxlj,information technology and services,linkedin.com/company/titan-solutions-group,cedar park,"titan solutions group, inc.",texas,51-200,titansolutions.com
united states,1995,NceaW3UjR3dTS0YiDpyBtg99dXRB,information technology and services,linkedin.com/company/cotton-mill-learning-center,rowlett,cotton mill learning center,texas,11-50,cottonmilllearningcenter.com
united states,,h5Ly4VnoqYG24ntQEGPfpgOJ5Xya,information technology and services,linkedin.com/company/formaggio-pizza,merrick,formaggio pizza,new york,1-10,
united states,,HUyTifOnTiTi3X0PyRsn2ABv27ia,information technology and services,linkedin.com/company/radtaksolutions,austin,radtak solutions,texas,1-10,radtak.com
united states,,4vvYDB9lx6H1y7Xkl2jL5QbAw3Ry,information technology and services,linkedin.com/company/dynicsoft,chicago,dynicsoft,illinois,11-50,dynicsoft.net
united states,,vzf2KxlzCggRSGv1d0oV4Q4mLCbI,information technology and services,linkedin.com/company/nts-tek,raleigh,ntstek,north carolina,1-10,ntstek.com
united states,2019,d0IF5yEnQ9K6PqKGOhuCnQX7Nsfz,information technology and services,linkedin.com/company/workentropy,imperial beach,workentropy,california,1-10,workentropy.io
united states,,B7Xsdb6fYz2B94l5g5VD7QoTRpYP,information technology and services,linkedin.com/company/logiktekglobal,port saint lucie,logiktek global,florida,201-500,logiktek.com
united states,2020,rH422RrOlFNzZWSihl5S4QxobiC8,information technology and services,linkedin.com/company/tylerstechservice,waynesboro,tyler's tech service,virginia,1-10,facebook.com/tylerstechservice2020
united states,2017,MbyZe2WsBhTBBnZg5t2aFgLu8Fus,information technology and services,linkedin.com/company/mapping-action-collective-pdx,portland,mapping action collective,oregon,1-10,mappingaction.org
united states,1994,XOOUIBY4vUIelK70qNIx0g1JU0Av,information technology and services,linkedin.com/company/cioview,acton,cioview,massachusetts,11-50,cioview.com
united states,2023,tYEptnI6QE3sTWLGmAG0dQrQnMZq,information technology and services,linkedin.com/company/introxpert,,introxpert,new york,1-10,introxpert.com
united states,2018,ySA43E3SBqj4TL4aRDQ2tAMepYtZ,information technology and services,linkedin.com/company/rebekon,thousand oaks,rebekon consulting llc,california,1-10,
united states,2000,88CjpBoBNwihexqCnh6oBQfc5SQT,information technology and services,linkedin.com/company/ciplex,west hollywood,ciplex,california,1-10,ciplex.com
united states,1998,nALto4IgS0BtU1z5lauv1wCmfuPI,information technology and services,linkedin.com/company/mopa-llc,draper,"mopa, llc",utah,11-50,mopallc.com
united states,2020,FlOVGMDniCei3fKk7RfUjw56W7SS,information technology and services,linkedin.com/company/nextwaveautomation,charlotte,next wave automation,north carolina,1-10,nextwave-automation.com
united states,2022,F6dCSAPce46M3PJezsCDFQqYdbaX,information technology and services,linkedin.com/company/tidybyashley,houston,indecororganizeash,texas,1-10,
united states,2020,4WGovk9JCMcAPvCx6UgglADOsC0O,information technology and services,linkedin.com/company/assuremsp,pleasanton,"assure msp, inc.",california,1-10,assuremsp.com
united states,,OIRBuKtrfit2kD2vxdPPkg0syNKx,information technology and services,linkedin.com/company/crazy-technologies,garland,crazy technologies,texas,1-10,
united states,2020,g6JcRlePFg69OFZR6A1InQd6wjv7,information technology and services,linkedin.com/company/jdkoutstandingtechnologies,grand prairie,jdk outstanding technologies,texas,11-50,jdoutstanding.com
united states,,NhYUGB1EYyFCiwhLlIMErQL3xAoH,information technology and services,linkedin.com/company/novatium-usa-llc,miramar,novatium usa llc,florida,501-1000,novatium-usa.com
united states,,Ypf1HYtF5YjkzthM8ZQvDAsuwJ46,information technology and services,linkedin.com/company/bosque-county-veterinary-clinc,meridian,bosque county veterinary clinc,texas,1-10,
united states,2000,NtCeVMaCefYdt1fkXoVFfwRUyKR9,information technology and services,linkedin.com/company/nextconstruct,dayton,"nextconstruct, inc.",maryland,11-50,
united states,2015,STU6s3zVHg5bZqxRQaUl5gT6f2vN,information technology and services,linkedin.com/company/techcorp-systems-pvt-ltd,doral,techcorp systems pvt. ltd,florida,11-50,
united states,,hE3cWUcwWDEyBDBB67NYxAOpPJNj,information technology and services,linkedin.com/company/on-going-ideas,starksboro,on going ideas,vermont,1-10,
united states,,KJIiGCNVgBB2I2mY1E3DVgnYL9d0,information technology and services,linkedin.com/company/5-nines-inc,omaha,5 nines inc,nebraska,11-50,
united states,,FAB87swC4AuKZw41BkrzBw74L5m8,information technology and services,linkedin.com/company/sodak-technologies,rapid city,sodak technologies,south dakota,1-10,sodaktechnologies.com
united states,,nEpczzyt1vlhCmBMDtk5swRzT0Ld,information technology and services,linkedin.com/company/sterling-software-inc,troy,sterling software inc,michigan,51-200,ss-us.com
united states,2010,TD9Wl0ITp9ZJuTcyW21pRw4j4h0r,information technology and services,linkedin.com/company/etacon,rockville,etalon consulting,maryland,1-10,etacon.net
united states,2009,rB9UsSv0alW8OFSXRnlSggkpEYYI,information technology and services,linkedin.com/company/hcentive,reston,hcentive,virginia,501-1000,hcentive.com
united states,2015,NxXwAkSSFBKlAZeKE9NT3wh66YFA,information technology and services,linkedin.com/company/battle-media-group,maryland heights,battle media group,missouri,1-10,battlemediagroup.com
united states,,5rfFZHROxkIf7LNgyFYBigdghVm4,information technology and services,linkedin.com/company/human-investment-institute,lexington,human investment institute,massachusetts,11-50,
united states,,qoysArLltW8sBHcrG8UijgvA4tA9,information technology and services,linkedin.com/company/spark-it-solutions-llc-nc,cary,"spark it solutions llc, nc",north carolina,1-10,spark-it-sol.com
united states,,R5aKjYn3P7A6UnCsv84rFAr7ser5,information technology and services,linkedin.com/company/calaveras-repertory-theatre,milpitas,calaveras repertory theatre,california,1-10,calaverasrep.com
united states,,T6sC7nytV2ZLBH9FjK0o8wGoDyZ3,information technology and services,linkedin.com/company/norman-engineering-corp,orlando,norman engineering corp,florida,1-10,
united states,,Fyz9qHOnBxgGTV5OcrKGgArr3Nnv,information technology and services,linkedin.com/company/professional-services-&-resources-inc.,jefferson city,"professional services & resources, inc.",missouri,1-10,psriusa.com
united states,2004,01IrX8cRtDJyBzsQ0RQ40gBrAnL0,information technology and services,linkedin.com/company/lucidpoint-inc,denver,lucidpoint,colorado,11-50,lucidpoint.io
united states,1999,c0uJJtkxppsjREi16LEnewiWfab4,information technology and services,linkedin.com/company/agreeya-solutions,folsom,agreeya solutions,california,1001-5000,agreeya.com
united states,2018,R8Gf6UGptvufStQVqIZA0A4GbymA,information technology and services,linkedin.com/company/merchant-doodle,naples,merchant doodle,florida,1-10,merchantdoodle.com
united states,2019,h5kwlcxRl8B0CZWrtHVXrAX4Nsdj,information technology and services,linkedin.com/company/contact-defender,scottsdale,contact defender,arizona,1-10,contactdefender.com
united states,2003,3TKCgjoaERbJf28owJw43wHopRTV,information technology and services,linkedin.com/company/westechmsp,palm desert,westech msp,california,1-10,westechmsp.com
united states,2014,cUKsnPPFNmT3nts0l93Xpw7p60e0,information technology and services,linkedin.com/company/trinity-global-tech-inc,dublin,trinity global tech inc.,ohio,51-200,tgtus.com
united states,2022,fi5RFLHllClNls74te7XIwQKEs5b,information technology and services,linkedin.com/company/frameworkgis,new braunfels,framework gis llc,texas,1-10,frameworkgis.com
united states,2018,LvvVFdlqWdu6w3HH6WUAIgyhTipl,information technology and services,linkedin.com/company/qb-tech-solution,spring,qb tech solution,texas,11-50,qbtechsolution.com
united states,,hsCGS3n2KjmBgZvJZT1WNgHbGGj5,information technology and services,linkedin.com/company/pioneer-contractors,easthampton,pioneer contractors,massachusetts,1-10,
united states,,EdweMJWDofsOwZ5UPacFegyADrAr,information technology and services,linkedin.com/company/deus-associates,webster,deus associates,new york,1-10,
united states,2002,dgOkzuxyLFNh6FxdkrkW1wbGQ01t,information technology and services,linkedin.com/company/teqworks,st. charles,teqworks,illinois,1-10,teqworks.com
united states,,FvFoVWzYzri25wV5mcolmQUbxMw0,information technology and services,linkedin.com/company/cyber-specialists,irvine,cyber specialists,california,1-10,
united states,1997,nXoMEEl71G59Qr55uLXibwaaPfHO,information technology and services,linkedin.com/company/netarx,auburn hills,"logicalis, inc.",michigan,501-1000,
united states,2010,XukxWBhljJN7lMCrJDssqAG7izY8,information technology and services,linkedin.com/company/annamolhaus,new york,annamol haüs ltd,new york,1-10,annamolhaus.com
united states,2005,KJ5seBybRxtjtH4pSpFhjQRd2wGd,information technology and services,linkedin.com/company/avtr-usa,miami,avattar usa,florida,51-200,
united states,,hMCLuKCXoz49SvoaSnilhAi5KR4k,information technology and services,linkedin.com/company/mcb-computer-consulting,wallkill,mcb computer consulting,new york,1-10,mcbcconsulting.com
united states,,iNBakyssMFUfbkaVK4lLZgt9mc6N,information technology and services,linkedin.com/company/yourway-computing,high point,yourway computing,north carolina,1-10,
united states,,dOmmQVOFZuBMXjN7CWjoCwMUse3Z,information technology and services,linkedin.com/company/mercantile-logistics-inc,san francisco,mercantile logistics inc,california,11-50,
united states,2008,jRuGvUksfMByn75HXFl4kAPlQsCg,information technology and services,linkedin.com/company/american-technology-specialists,tempe,american technology specialists,arizona,11-50,technologyspec.com
united states,,jFZ4ninGyuY1SpF6LJjT8A168jRj,information technology and services,linkedin.com/company/bay-area-computer-repair,daly city,bay area computer repair,california,1-10,bayareacomputerrepair.com
united states,2016,HL3HxEMBNuDbYZVh1sy7QgXP4s2H,information technology and services,linkedin.com/company/mvw-consultants,carrollton,mvw consultants,texas,1-10,mvwconsultants.co.za
united states,,iA3MGHp3Ox7BhMHpGvOMDgGcH12T,information technology and services,linkedin.com/company/js-solutions-llc,cumming,js solutions llc,georgia,11-50,jetskisolutions.com
united states,2001,uLvPuz0XjSZMGwfWKeR3zgZrUenc,information technology and services,linkedin.com/company/targit-us-inc,tampa,"targit (us), inc",florida,11-50,
united states,,PkJOLbAq42Vlf39PMsFM5waBmUnQ,information technology and services,linkedin.com/company/bidiom-inc.,,"bidiom, inc.",,1-10,bidiom.com
united states,2007,RjPdjrWHl6JCFUC0v3L9CAtoJ1i0,information technology and services,linkedin.com/company/dcnsllc,youngstown,"dcns, llc",ohio,1-10,dcnsllc.net
united states,2017,sqxml8xceEpsvjqNpx7RZQWhyZGW,information technology and services,linkedin.com/company/cyberdyne-vespa,fairfield,cyberdyne vespa + ace vespa of sacramento state,california,11-50,cyberdyne-vespa.org
united states,1988,GD7j6lsGyQjLbKxplhlJegBDTKPO,information technology and services,linkedin.com/company/qmc-inc,troy,qmc inc,michigan,51-200,qmc.com
united states,,s0bohQBCTHyUDMbtMSikkAStmlBw,information technology and services,linkedin.com/company/crescent-computer-services,grants pass,crescent computer services,oregon,11-50,yelp.com/biz/crescent-computer-services-grants-pass
united states,,5jc4Ri4YnqESRfTtYMPEqgB6lHw8,information technology and services,linkedin.com/company/riverstoneit,belfast,riverstone it,maine,1-10,riverstoneit.com
united states,,H2X2pONzm2RJyJgugCtxiAFRAxmp,information technology and services,linkedin.com/company/stabil-drill,midland,stabil drill,texas,51-200,
united states,1997,FvrEWTZKE60tCv3im1CiJAJg3mo8,information technology and services,linkedin.com/company/diversified-distributors-international-inc.,wellington,"diversified distributors international, inc.",florida,1-10,diversified-distrib.com
united states,2014,wCoxOJmU22rZrAIe19GkigInh5B0,information technology and services,linkedin.com/company/trinity-network-consulting,,trinity network consulting,georgia,1-10,trinitynetworkconsulting.com
united states,,vlPq7rDuUz5ultEXKU2tRAIj69bh,information technology and services,linkedin.com/company/dexteroususa,deer park,dexteroususa,illinois,51-200,dexteroususa.com
united states,2011,RE9RFfnYWJU3zyOdefAwEgQOyrYr,information technology and services,linkedin.com/company/focusfire,oklahoma city,focusfire,oklahoma,1-10,focusfire.net
united states,,cOEfwXeEdfQzDtvYhjIcCAN96pCt,information technology and services,linkedin.com/company/marin-surf-sports,mill valley,marin surf sports,california,1-10,marinsurfcamp.com
united states,2022,sDTuKf5Ph63kTkjwpoanjwu0HksW,information technology and services,linkedin.com/company/network-gladiators-llc,overland park,network gladiators llc,kansas,1-10,networkgladiators.com
united states,1997,AzEBZN82hIPb8EWe1FMyHwJsOW91,information technology and services,linkedin.com/company/custom-web-concepts-inc-,wyandotte,"custom web concepts, inc.",michigan,11-50,cwc-online.com
united states,,aaK3ZuRbwVHz9AOYo7mA8gXVEFLz,information technology and services,linkedin.com/company/customware-inc,fort lauderdale,customware inc,florida,11-50,
united states,2017,7mF81U0eg200BItfWCPIpgeggL1N,information technology and services,linkedin.com/company/language-pattern,campbell,language pattern,california,1-10,languagepattern.com
united states,,7BsvVw8v7QCBMdO8OJjyqgwREDqy,information technology and services,linkedin.com/company/central-new-jersey-computing,,central new jersey computing,,1-10,njcomputing.com
united states,,jvhwL0UdJSxhreCbrBCtcAp36T9E,information technology and services,linkedin.com/company/brentwood-fire-district,,brentwood fire district,,1-10,brentwood-fire.com
united states,2022,d71eoRvcSsgTTP6GTbsJWAG59Biq,information technology and services,linkedin.com/company/trustwareio,wilmington,trustware | techstars '23,delaware,1-10,trustware.io
united states,2001,SDPRcZkBuFV9szQydwRu8weEHOx9,information technology and services,linkedin.com/company/sath-systems,schaumburg,sath systems llc,illinois,11-50,sathsystems.com
united states,1996,lTeGtEC6i4xdJuEY288JlA3FOllC,information technology and services,linkedin.com/company/quality-systems-&-software-qs&s-,,quality systems & software (qs&s),,51-200,qsands.com
united states,,sGty1RUH8FHBeYRs9KRXMwtah5ZC,information technology and services,linkedin.com/company/dang-this-computer,,dang this computer,,1-10,dangthiscomputer.com
united states,2021,1CPZ5ZgCaa1Va6hY5XLKdAlADlxZ,information technology and services,linkedin.com/company/google-workspace-recap,long beach,google workspace recap,california,1-10,workspacerecap.com
united states,,NPMqhM3QwY7lTzV0ODmOCg9TPgwc,information technology and services,linkedin.com/company/schnucks-supermarket,southaven,schnucks supermarket,mississippi,51-200,
united states,,zVQu5zX3wlAlwht8QvqYRgOV3Cvc,information technology and services,linkedin.com/company/dunlap-sunbrand-intl,glasgow,dunlap sunbrand intl,kentucky,1-10,
united states,,BBmvsBTmwDAmvNnjG5uz4ArO85qZ,information technology and services,linkedin.com/company/bourbon-street-enterprises,cape coral,bourbon street enterprises,florida,1-10,bourbonstt.com
united states,2005,V2XJoti8Jt0jPkZFlZVNSAOCGpLO,information technology and services,linkedin.com/company/worldpmo,houston,worldpmo,texas,51-200,
united states,,uYoazUdPiUOVn1JgNMIABgaZinSd,information technology and services,linkedin.com/company/sharp-landscape-co,las vegas,sharp landscape co,nevada,1-10,
united states,2019,oNyRAjt1RCmURoQoHlnIGwNXUyvm,information technology and services,linkedin.com/company/barwenock,san diego,barwenock,california,51-200,barwenock.com
united states,,18YyqfrDCcAlnFCkr2rv9Az8xgZH,information technology and services,linkedin.com/company/boston-computer-service,boston,boston computer service,massachusetts,1-10,drunkengoat.com
united states,,dNB2aKW9qoqlawCh1eTZcAfH3xni,information technology and services,linkedin.com/company/mtl-horizon,mount laurel,mtl horizon,new jersey,11-50,
united states,2015,mqO2HEb3X6hIOgNqBrNU9AWdpjiV,information technology and services,linkedin.com/company/cloudetha,atlanta,cloudetha,georgia,11-50,
united states,1998,C6xUyNAQOma4oDAi7fBE2gDC6hCy,information technology and services,linkedin.com/company/maverick-technology-solutions-inc,bolingbrook,"maverick technology solutions,inc",illinois,11-50,mavericktech.com
united states,2000,aPR4cvBkYzKZYdeRev6p6A3Bt9ez,information technology and services,linkedin.com/company/america's-remote-help-desk,eldersburg,america's remote help desk,maryland,51-200,remotehelpdesk.com
united states,2012,DMzt3YfY4LrK7ocycy8DegNiMe8b,information technology and services,linkedin.com/company/exaleaf,atlanta,exaleaf it consulting,georgia,1-10,
united states,2007,AlhFGKmXITibxuSz0cWFRgUlb4EQ,information technology and services,linkedin.com/company/1techsupport,san ramon,blackhawk msp llc,california,11-50,blackhawkmsp.com
united states,,DslRzUU7gOZp1i5ClZB0sQYyLUje,information technology and services,linkedin.com/company/southland-computer-service,kaufman,southland computer service,texas,1-10,southlandcomputer.com
united states,2023,zxZpV1yCrYLxFvsJLuGjuQKoN0xQ,information technology and services,linkedin.com/company/invsatek,lanham,invsatek,maryland,1-10,invsatek.com
united states,,VRfsyyaZSBCIrldhHCCvvgOpInlm,information technology and services,linkedin.com/company/insight-technologies,,insight technologies,,51-200,
united states,2021,QUjIfTsNGgSiOeBJy41H9QuloAUY,information technology and services,linkedin.com/company/qourguest,arlington,qourguest.com,virginia,1-10,qourguest.com
united states,,zvZWqwVIlcVxSNpdv63mCwIqEnnV,information technology and services,linkedin.com/company/porostech,martin city,poros tech,montana,1-10,porostech.com
united states,2005,Q8vS3luGzjVJpoInxqRWSgap69pp,information technology and services,linkedin.com/company/esolution-architects-inc,montgomery,esolution architects inc,alabama,51-200,e-sainc.com
united states,,o3Do8CA7WCeD5FHwluCUjgolWQKC,information technology and services,linkedin.com/company/cloudsolvers,atlanta,cloudsolvers,georgia,11-50,cloudsolvers.com
united states,2012,3E2lzXz0Hjwdm3dkgnhzxgf9foLK,information technology and services,linkedin.com/company/reduxio,palo alto,reduxio systems,california,51-200,reduxio.com
united states,,j7X7G0uRibM4idQMr1nNcAQy8WK7,information technology and services,linkedin.com/company/fms-technologies,austin,fms technologies,texas,1-10,
united states,2023,0CIoCn8xbWlrjXhs88Wx5wx98qZE,information technology and services,linkedin.com/company/cynosure-cloud-inc,houston,cynosure cloud inc,texas,11-50,cynosurecloud.com
united states,,v7ARH7WYzwBGqBdrwwPnHg1CYm5g,information technology and services,linkedin.com/company/253-labs,puyallup,253 labs,washington,1-10,
united states,,7MgaK5OWh1amuLGHCyuu2wbCxAJ6,information technology and services,linkedin.com/company/thomson-ccbn-inc,boston,thomson ccbn inc,massachusetts,11-50,
united states,,YHQ7XUqEbkyQakw1XxiE4Qae7rfC,information technology and services,linkedin.com/company/mount-airy-community-computer,philadelphia,mount airy community computer,pennsylvania,11-50,
united states,,UPqIUnrOB7j4MgKvJ9gzxAQCQuck,information technology and services,linkedin.com/company/ip3,saginaw,ip3,michigan,11-50,ip3inc.com
united states,2020,BQ3pTR9ytWYJ46T4FHdvLAMzQCi7,information technology and services,linkedin.com/company/epitomecloud,south plainfield,cloud epitome,new jersey,51-200,epitomecloud.com
united states,2016,NZkSQXj0Uu8pfuf3D1LJGwFKeP7B,information technology and services,linkedin.com/company/indy-tech-fellowship,indianapolis,indy tech fellowship,indiana,11-50,
united states,2009,TjAkwxAScr515qhwracLBQgaiXgH,information technology and services,linkedin.com/company/payam-associates,falls church,payam associates llc,virginia,1-10,theoaps.com
united states,2006,tzYIzedGr9yh50nTlJX6XQ16qyFs,information technology and services,linkedin.com/company/oasys-sports,charlotte,oasys sports,north carolina,11-50,oasyssports.com
united states,,6kYaZ6BeIorji08KXwydmg5AublU,information technology and services,linkedin.com/company/sourcing-acumen,pittsfield,sourcing acumen,massachusetts,1-10,sourcingacumen.com
united states,2008,8bdxGkQT53lCKFgaxypy8QSv4nrk,information technology and services,linkedin.com/company/pazztech,cranberry township,pazztech,pennsylvania,1-10,pazztech.com
united states,,BrecXz4qvJr3YPdu0FZIyQJbWkZO,information technology and services,linkedin.com/company/nfina-msp,mobile,nfina-msp,alabama,11-50,nfina-msp.com
united states,2017,B1FXIBUU4swfaH1U4azQ8QTqydin,information technology and services,linkedin.com/company/k2-software-solutions,monument,"k2 software solutions, llc",colorado,1-10,
united states,,E6SUbEAnVU3coriks7okXg9iSFbs,information technology and services,linkedin.com/company/vision-apparel,tulsa,vision apparel,oklahoma,1-10,visionapparelusa.com
united states,2000,GwCQa3dQCzRDRidekhS4cgMLO7Yk,information technology and services,linkedin.com/company/directpointe,lindon,directpointe,utah,51-200,directpointe.com
united states,2022,TAJMZqrJMrWd7kUDGa0fNQAcx2uQ,information technology and services,linkedin.com/company/parks-consulting-solutions,waxhaw,parks consulting solutions,north carolina,1-10,
united states,2017,oWNS9n9nUpTzi2u7TbfP1wpTgLBb,information technology and services,linkedin.com/company/vibecx,alpine,vibecx,utah,11-50,vibecx.com
united states,2012,Yl3aPrRb11vh0QHOiKR7TA9siUqC,information technology and services,linkedin.com/company/agile-bay-inc-,tampa,"agile bay, inc.",florida,1-10,agilebay.com
united states,2017,Ci1xFgUTDu7mljeGKJW5zQBF2Pbv,information technology and services,linkedin.com/company/big-local-data,alpharetta,big local data,georgia,1-10,biglocaldata.com
united states,,CZqHQPG6qYoQDv3nEeCNFAqNuBCz,information technology and services,linkedin.com/company/ichthys-it-services-inc,palmer,ichthys it services inc,massachusetts,1-10,ichthysit.com
united states,,fTT9BS2s469TZmcZzehzyAuWY5Uk,information technology and services,linkedin.com/company/gondringer-dairy-farm,albany,gondringer dairy farm,minnesota,1-10,
united states,2019,0sW8gO48VikxfUGlSyvOwg7cXGve,information technology and services,linkedin.com/company/vel-true-technologies-llc,clanton,vel true technologies llc,alabama,11-50,veltrue.com
united states,2022,4R14hBYzWyYwoOqdFZgQagK2NYvB,information technology and services,linkedin.com/company/gdsc-wsu,detroit,gdsc wsu,michigan,11-50,
united states,1994,LuotpWBvOqbw4qxVA7vHMQ3vfFvb,information technology and services,linkedin.com/company/infomc,west conshohocken,"infomc, inc.",pennsylvania,51-200,infomc.com
united states,2016,EtknCF2Af091fPmDVtOqhgEJ1UC3,information technology and services,linkedin.com/company/aloft-geographic-llc,newberry,aloft geographic llc,south carolina,1-10,aloftgeo.com
united states,2020,GeJoGg5KqulfDC6DE2FixQCNPaJ5,information technology and services,linkedin.com/company/jm-integrators,mckinney,jm integrators,texas,1-10,jmintegrators.com
united states,2004,vMjbamvlmniWbmLoC1hS5QtJud1f,information technology and services,linkedin.com/company/initiv-technologies,,initiv technologies,,1-10,initiv.com
united states,2015,RBYIRKLUuZwOdzT3SZ0Q4g3lr9hR,information technology and services,linkedin.com/company/novatech-s-i,lynnwood,nova-tech,washington,1-10,nova-tech.ch
united states,2022,62mMoNlCUBM3yDmkKStN8gUBJ1Je,information technology and services,linkedin.com/company/jamo-inspections-llc,houston,jamo inspections llc,texas,1-10,jamoinspections.com
united states,2010,Uqo2An3zpVDPCfL75O0kuAX4uX5H,information technology and services,linkedin.com/company/jvr-innovations-llc,north myrtle beach,"jvr innovations, llc",south carolina,1-10,jvrinnovations.com
united states,,4JcY18N2Rl9VUhlz6kZUcwV360Fs,information technology and services,linkedin.com/company/transtech-inc,florence,transtech inc,mississippi,1-10,
united states,2017,pvPofTDFqE5wH3lh9oNZuwu6hFEM,information technology and services,linkedin.com/company/exmcloud,cary,exm cloud,north carolina,11-50,exmcloud.com
united states,2018,xa8irYVd1b3xxWfOSKwLtwogIAps,information technology and services,linkedin.com/company/crowdstorage,lehi,crowdstorage (acquired by storj),utah,1-10,crowdstorage.com
united states,2013,MxqljzhIagfuD7ChHhpM5wBSeFit,information technology and services,linkedin.com/company/sorenson-foundry,draper,sorenson foundry,utah,11-50,sorensonfoundry.com
united states,2015,0YyGMnct4k2pOanoQCow8gPQ6ojO,information technology and services,linkedin.com/company/buildon.me,chicago,buildonme,illinois,11-50,buildon.me
united states,2021,JZUQYNgnOKKqnzeCcOATRgzBAavt,information technology and services,linkedin.com/company/blowai,palo alto,blow ai,california,1-10,blowai.com
united states,1991,ju3dxTbz0NCMwo5lAiDeXAbLfQO1,information technology and services,linkedin.com/company/sa-it-services,kennesaw,sa it services,georgia,501-1000,saitservices.com
united states,2016,e2utKCBlCHRBqCCcPs9YEwkbqr7O,information technology and services,linkedin.com/company/my5ive,brooklyn,curi,new york,1-10,curiapp.co
united states,2022,84gbawCfm3yJYxTX8KqfggaSG3QX,information technology and services,linkedin.com/company/business-experts-us-llc,pagosa springs,business experts us llc,colorado,1-10,businessexpertsus.com
united states,1974,wge2nFWPFmurlU9b7YZDCQo6ZaUb,information technology and services,linkedin.com/company/agora-inc.,baltimore,agora inc.,maryland,201-500,agora-inc.com
united states,2020,lot8qq4ejdsBuZ5RFSDcZw7QfntN,information technology and services,linkedin.com/company/montech-enterprises-llc,coral gables,montech enterprises,florida,1-10,montechenterprisesllc.weebly.com
united states,,cnGnCCJ2NRkh4J9FlQ63kQFOifUH,information technology and services,linkedin.com/company/indy-pc-support,indianapolis,indy pc support,indiana,1-10,indypcsupport.com
united states,2016,ttcBDNFWqAdKC5kReDCwhAegEXS4,information technology and services,linkedin.com/company/mcgraw-automation,midland,mcgraw automation llc,texas,1-10,mcgrawautomation.com
united states,2014,uOZ0DFgsg6XMCjBRtXHjFwue5VjD,information technology and services,linkedin.com/company/second-wind-technologies-inc-,mountain view,"second wind technologies, inc.",california,1-10,sw.run
united states,2017,NkHysCWcIMKRvsR4GvrgrwxZVqWO,information technology and services,linkedin.com/company/heartseed-tech-llc,greenville,heartseed tech llc,south carolina,1-10,heartseedtech.com
united states,2010,NI9q7tVl2RBKvLwJtlzbbwL6ItCQ,information technology and services,linkedin.com/company/virtually-savvy,edmonds,virtually savvy,washington,1-10,virtuallysavvy.com
united states,2009,GXyCCXWQC1DvFTsoElkGzgUUoqZc,information technology and services,linkedin.com/company/laina-tech-inc-,powell,"laina tech, inc.",ohio,1-10,lainatech.com
united states,,8yGybngJBMI18kqycynz4wzJH8Hn,information technology and services,linkedin.com/company/southern-spectrum,athens,southern spectrum,georgia,1-10,
united states,2008,CUvNI6cq525YsAHUHdpBQwa7Tf7z,information technology and services,linkedin.com/company/energy-efficiency-advisers,boston,"energy efficiency advisers, inc.",massachusetts,11-50,energyefficiencyadvisers.com
united states,2012,6u4V99PlxINitTWDUZwhQw0feXLq,information technology and services,linkedin.com/company/akiatech-solutions,fort lauderdale,akiatech solutions,florida,1-10,akiatech.com
united states,1996,WjHyuu22JK5ZK11DefyP7AdQFesY,information technology and services,linkedin.com/company/fintechglobalcenter,tinton falls,fintech global center,new jersey,51-200,fintechglobal.center
united states,,nLdJ2eBD2pk3uxC4VBUfhwRYfIRl,information technology and services,linkedin.com/company/design-with-nature,jefferson,design with nature,louisiana,1-10,designwithnature.com
united states,,N9bvtDxnY6tAdRCifJDEag8SsNFA,information technology and services,linkedin.com/company/firewire,youngsville,firewire,louisiana,1-10,firewireav.com
united states,2024,uTRXpLCp6SfZ28DMBLw6egOLOaVx,information technology and services,linkedin.com/company/webxfounders,wyoming,web x founders,michigan,11-50,webxfounders.com
united states,2013,YtqcwSGu2Xjk9tBlR7DGxABtgwy8,information technology and services,linkedin.com/company/selectsecuresolutions,laredo,select secure solutions llc,texas,1-10,selectsecuresolutions.com
united states,2016,HPX43oXZCB9biTkhEL1o8gMSqRfv,information technology and services,linkedin.com/company/augboost,los angeles,industrial safety and efficiency reimagined.,california,1-10,enhone.com
united states,2015,wavGk76dIE4iDHH1mbREwwugrawk,information technology and services,linkedin.com/company/hoperator,st. louis,hoperator,missouri,1-10,hoperator.com
united states,,vB7s04hNZipU8xrO20UiOwcevxob,information technology and services,linkedin.com/company/ecavtechnologies,loudoun valley estates,ecav technologies inc.,virginia,11-50,
united states,,CSy350zqWS9gVldslHeggAh4Iw1b,information technology and services,linkedin.com/company/cyberpride,charlotte,cyberpride,north carolina,1-10,
united states,,ZaHAdn4uI5CbFvNxZU7wfQdLLNjN,information technology and services,linkedin.com/company/carib-link-svc,miami,carib link svc,florida,11-50,carib-link.net
united states,,Xmm1Db1Sg4SE4gkTRjaRGA98VzY9,information technology and services,linkedin.com/company/sri-soft-inc,princeton junction,sri soft inc,new jersey,11-50,
united states,1979,Wl3grlO7Yyh48rSMGySK9gQAIgrQ,information technology and services,linkedin.com/company/american-auto-matrix,export,american auto-matrix,pennsylvania,51-200,aamatrix.com
united states,1997,PcMPmvQfi1ncB22RBpL6vgJc7JQA,information technology and services,linkedin.com/company/smile-business-products,sacramento,smile business products,california,51-200,smilebpi.com
united states,2008,BxxmIXnzJ2BAqW3GvhlV4wCV3ZLr,information technology and services,linkedin.com/company/havmar-llc,west palm beach,havmar llc,florida,1-10,
united states,,AjsU6X2al6DpwAxBBsVXhQiQMoks,information technology and services,linkedin.com/company/dependenz,kingston,dependenz,new jersey,11-50,dependenz.com
united states,,y6YbmcSJXAPOIFK4J3TpYA1U0vQH,information technology and services,linkedin.com/company/anxil-technology,cupertino,anxil technology,california,1-10,
united states,,3gYDSLd53gnGv1r2danLcgy4FHOr,information technology and services,linkedin.com/company/abso-technologies,gold river,"abso technologies, inc.",california,11-50,absotechnologies.com
united states,2018,BcC7m5rDL2lPCk8SHHuJXg9CqQh3,information technology and services,linkedin.com/company/agileand,boston,agile&,massachusetts,1-10,
united states,2011,YaW9gFyOZlgMv7AfkGCzNwQCliuq,information technology and services,linkedin.com/company/infrastructure-by-design,rochester,infrastructure by design,new york,11-50,
united states,,XFFZ9Evj8sM02Um2x2G3BgCo8LJS,information technology and services,linkedin.com/company/rachel-reilly,los angeles,rachel reilly,california,11-50,
united states,,NjTRZsZC8Wol0QuZOIoXogzTkLtO,information technology and services,linkedin.com/company/totality,,totality,,51-200,
united states,,CmDzeNf9ZHlnLQuPH7wqQQm6kj7c,information technology and services,linkedin.com/company/vap-auto-sales,brockton,vap auto sales,massachusetts,1-10,
united states,2016,XjGx5ZmhZfje8qPCo9Bdxg1kcFym,information technology and services,linkedin.com/company/cssofny,rochester,computer service specialists of new york,new york,1-10,cssofny.com
united states,,AXaAcNruFo1vW4F6JGwGYgRZHyZT,information technology and services,linkedin.com/company/leadventureco,lake oswego,leadventure™,oregon,1001-5000,leadventure.com
united states,,lBt57GU3IBYTlPm1udaVIwJW3jNk,information technology and services,linkedin.com/company/crl-computers,honolulu,crl computers,hawaii,11-50,
united states,2018,vnmelVoPzXCv8HReCN3J5AWyoPmj,information technology and services,linkedin.com/company/ctsone,daytona beach,cts - castaway technology & security,florida,11-50,cts-one.co
united states,2010,ExiEgLf49sewNmJ50UluyQUwFmQf,information technology and services,linkedin.com/company/nologe-llc,austin,nologe llc,texas,1-10,nologe.com
united states,2008,BGJn06XjCvwMYMcD3l1nsALChEli,information technology and services,linkedin.com/company/automotive-it-solutions-llc,,"automotive it solutions, llc",,1-10,autosoft-tech.com
united states,,2qgF5gXZ2mctY8XipUIwqAZFXwqJ,information technology and services,linkedin.com/company/z-squared-technologies,solon,z squared technologies,ohio,1-10,zsquared.io
united states,2013,sUvOk8JLDBJdIjdBhd3lLguuT7NF,information technology and services,linkedin.com/company/intellectual-team-holdings-inc.,houston,"intellectual team holdings, inc.",texas,1-10,intellectualteamholdings.com
united states,1994,FC1QHtqpk8ZPyD1b9gJwLQkWAFKQ,information technology and services,linkedin.com/company/data-vista,bordentown,data vista,new jersey,11-50,datavista.com
united states,,1jGwlkCEuNREXt5ru720mgW3OQtv,information technology and services,linkedin.com/company/civitas-bank-solutions,denver,civitas bank solutions,colorado,1-10,acivitas.com
united states,2003,XnQBTvWrpdB30PuLZv4CLArCSazL,information technology and services,linkedin.com/company/tjd-solutions-inc-,paoli,"firstprise solutions, inc.",pennsylvania,51-200,firstprise.com
united states,,BfozL5C6EAp2w0eFLiZ8SQyRsaPg,information technology and services,linkedin.com/company/holguin-group,el paso,holguin group,texas,11-50,
united states,,Pw6EOiOrwyqjmcqDPTp3kwbBp0b6,information technology and services,linkedin.com/company/new-resource-group,,new resource group,,1-10,newregroup.com
united states,,ayeZjgtIvtBJot7KJyxiJgXVkv35,information technology and services,linkedin.com/company/technical-diversity-systems,apopka,technical diversity systems,florida,1-10,
united states,2014,iMMeyf6wF9ldzgQR0sB9ZQ9xxc8b,information technology and services,linkedin.com/company/futureit,waverly,beef lovers inc.,virginia,201-500,futureit.lt
united states,2016,frEaVBKyWjDrPPrJNgpZEwmpbrQJ,information technology and services,linkedin.com/company/software-innovation-labs,,software innovation labs,illinois,1-10,softwareinnovationlabs.com
united states,,imrodelvjQtYrt2XHIA4ow8fcRv1,information technology and services,linkedin.com/company/kids-for-peace-camp,ellicott city,kids for peace camp,maryland,1-10,
united states,2017,9uKoGs7gdnpDhgdsB43WUQRA51bN,information technology and services,linkedin.com/company/logg-ins-it-solutions-help-desk,chicago,logg ins it solutions & help desk,illinois,1-10,logginsit.com
united states,2015,BFVtMBUMh15KpE8e2isgWwjnh2SQ,information technology and services,linkedin.com/company/kwikvet,washington,kwikvet - pet care on-demand,district of columbia,11-50,kwikvet.com
united states,1999,oBKVLGEBP3pZ7TP8VZfVrAYjAfd1,information technology and services,linkedin.com/company/ltgbi,orlando,"lumar technologies group, inc.",florida,1-10,ltgbi.com
united states,,yrtnbTXv4ajOrN8ndw545g88iBEv,information technology and services,linkedin.com/company/kmit-consulting,mechanicsville,kmit consulting,maryland,1-10,kmitconsulting.com
united states,2017,ehnmLfReZycwE18SmmsPlwHGeBzP,information technology and services,linkedin.com/company/solair-solutions-llc,omaha,solair solutions llc,nebraska,1-10,solairsol.com
united states,1994,DnEgr7yyw9ClhKkkdgnBMggJvEUz,information technology and services,linkedin.com/company/symbio,san jose,symbio,california,1001-5000,symbio.com
united states,2012,lC2uuYInTNCwf9Vu9dsxRgkRURtC,information technology and services,linkedin.com/company/storyhunterinc,new york,glimmer (formerly storyhunter),new york,51-200,glimmer.io
united states,,2yrwtifI6VyLMw5GZ0d6MwA2l4Kh,information technology and services,linkedin.com/company/virtualdesktopc,novi,virtualdesktopc,michigan,1-10,virtualdesktopc.com
united states,,9JDSyPfPlrPZTyOh22c80g670Uvl,information technology and services,linkedin.com/company/redzone-protects,dunedin,vyfi,florida,11-50,vyfi.com
united states,2002,Z398xtBsXgLish1YPhuBFARpFLYM,information technology and services,linkedin.com/company/black-bear-technology,scranton,black bear mssp,pennsylvania,1-10,blackbearmssp.com
united states,,ZiCDSE0kv1w00dpZtkSFoga604L4,information technology and services,linkedin.com/company/priority-it,,priority it,,51-200,
united states,,HfYlMmE7VMQydkEVmK5qkAQNz9Zy,information technology and services,linkedin.com/company/pescamax-inc,seattle,pescamax  inc,washington,1-10,pescamax.com
united states,,kfGYCAazKhU7EHdyKoewuwN6nM1c,information technology and services,linkedin.com/company/avs-installations,woodbridge,avs installations,new jersey,11-50,
united states,,2cgNZ54qCmOSBGGfic5HRgvP2cXt,information technology and services,linkedin.com/company/etech-computer-services,menifee,etech computer services,california,11-50,etechllc.us
united states,,ocVUt5sORzL8ucHtDTEyZA36Phmf,information technology and services,linkedin.com/company/a3gtech,carrollton,a3g tech inc,texas,1-10,a3gtech.com
united states,2014,18oGBwQFhNC4rPOWZgGRAwCJ9nft,information technology and services,linkedin.com/company/kgss,arlington,kgss,virginia,1-10,kgssinc.com
united states,,Syho4eFGksSTIM9xzO6mVAS2KT4k,information technology and services,linkedin.com/company/logpipe-llc,fort wayne,logpipe llc,indiana,1-10,logpipe.com
united states,1995,ahQbu0s7XjXDT7RrB0YdCQKxwlFy,information technology and services,linkedin.com/company/applica-inc,heights,"applica, inc",virginia,51-200,applicapr.com
united states,,0KPjraIzhjqpYCX0DAucxAd7n0CF,information technology and services,linkedin.com/company/javis-automation-&-engineering-inc,dumfries,javis automation & engineering inc,virginia,1-10,javis.com
united states,2013,tmBTv7oAb8W8hZTOtcvtVwARfC6G,information technology and services,linkedin.com/company/r-two-technologies,parker,r two technologies,colorado,1-10,
united states,2011,YDARZtpRxieagmVNzO0dFAnStNPZ,information technology and services,linkedin.com/company/truenorthern,new york,truenorthern,new york,1-10,truenorthern.com
united states,1998,cQ3IX43rOO7CY5qZtplPKA6S3v0m,information technology and services,linkedin.com/company/enetics-networks,seattle,enetics networks,washington,1-10,enetics.net
united states,,RuVyV6S3yKXzoLrihHtCUwjST38w,information technology and services,linkedin.com/company/broadspace,new york,broadspace,new york,1-10,broadspace.com
united states,,4ICBtHDjQls0yes45GS7KAunp6Se,information technology and services,linkedin.com/company/telerad-it,,telerad it,,1-10,teleradit.com
united states,,4rYo8CSMZkBNvknCpbfFrgoeiKod,information technology and services,linkedin.com/company/virtualedg,grandview,virtualedg,washington,1-10,virtualedg.com
united states,2020,dmjZ5TdBYq551aBZ9fcFUgkdmKFD,information technology and services,linkedin.com/company/equium-intelligence,philadelphia,equium intelligence,pennsylvania,1-10,equium.io
united states,2023,lVqT6Nk2SYKfBvhajbN8tg1DOqtK,information technology and services,linkedin.com/company/encoraco,tucson,encoraco,arizona,1-10,encoraco.com
united states,2005,BdVbMK1zZPfRnVctaMdm3wwnldwL,information technology and services,linkedin.com/company/rmc-solutions,lindale,rmc solutions,texas,1-10,rmcsolutions.us
united states,2015,1ZtZZril06VnSG7rRpthkQk4mfLG,information technology and services,linkedin.com/company/seanfoxconsulting,lexington,seanfox! consulting,kentucky,11-50,seanfoxconsulting.com
united states,,d9vrCaN53v0enQIU13xziAoflVyf,information technology and services,linkedin.com/company/heins-consulting,tinley park,heins consulting,illinois,1-10,
united states,,pX7frrTeMHvKSHeavefmYw6ZvPoT,information technology and services,linkedin.com/company/media-technica-inc,new york,media technica inc,new york,1-10,
united states,2006,BK1GF0Zyp7N2Bd1ld7xVZgxnD7cw,information technology and services,linkedin.com/company/heerasoft-inc,iselin,heerasoft inc,new jersey,51-200,heerasoft.com
united states,,OBvTm0xTO4CO8jXnWfPT6QXE3qtw,information technology and services,linkedin.com/company/adziyo,houston,adziyo,texas,11-50,adziyo.com
united states,,JYqTaGNhF8BOXYTVwN8sIAbyGOtV,information technology and services,linkedin.com/company/dbh-creative-group-inc,nashville,dbh creative group inc,tennessee,1-10,
united states,2009,nAm7BL2SqOj30siFz4XABQa0igQX,information technology and services,linkedin.com/company/npg-solutions,new albany,npg solutions,ohio,1-10,npgsolutions.com
united states,2012,RlvzhRV3bqvgLsDu7NC6KwtAi0mT,information technology and services,linkedin.com/company/bryant-technology,mesquite,bryant technology,texas,1-10,bryanttechnology.com
united states,2019,i2QQDY6Vr9fyGOWiz4D8MAG7ztYe,information technology and services,linkedin.com/company/medcurio,portsmouth,medcurio,virginia,1-10,medcurio.com
united states,1998,7BbX7ASGCagf5Wfl73Bf6AKjhfGH,information technology and services,linkedin.com/company/archer-geographic-ltd,madison,archer geographic ltd,wisconsin,1-10,archergeographic.com
united states,,7R33a5sMSCOxkQBaQ66HOwkckOK5,information technology and services,linkedin.com/company/tolga-inc,middletown,tolga,delaware,11-50,
united states,,OzJvKHB9IiOquTjK1or9BwbJ0Cdl,information technology and services,linkedin.com/company/guidepath-consulting,indianapolis,guidepath consulting,indiana,11-50,guidepathconsulting.com
united states,,SF0I8Krd6o9syC0vuUnT1gTZ7BZ5,information technology and services,linkedin.com/company/lasertech-usa,new york,lasertech usa,new york,1-10,lasertechusa.com
united states,,IMnjPdQX7MPv1l5nN564BAdB23Mt,information technology and services,linkedin.com/company/yellow-shop,mcclellanville,yellow shop,south carolina,1-10,yellowshop.es
united states,2020,i8bbt1bEafX1smWTp2Vp1gbHDulj,information technology and services,linkedin.com/company/stream-sights,santa monica,streamsights,california,1-10,streamsights.com
united states,2013,VwYCSJOmqEbpRaxS2iv8ygXKqvym,information technology and services,linkedin.com/company/biztekusa,hillsborough,biztekusa,new jersey,11-50,bztekonline.com
united states,2010,JvqiBViMSSe3bnuB7PELXA8DoYWh,information technology and services,linkedin.com/company/bt-cybersecurity-professionals,portland,bt cybersecurity professionals,oregon,51-200,btcspro.com
united states,,gz7h1qBow0MqfjYiJWQwhQDtJS1H,information technology and services,linkedin.com/company/minnesota-west-college,truman,minnesota west college,minnesota,1-10,
united states,2011,YaKSgUdas2SosiVYvzbCBw3ml2bR,information technology and services,linkedin.com/company/cp-security-inc-,amarillo,"cp security, inc.",texas,1-10,cp-sec.info
united states,2021,2QL2UPPvIqkq11jdONrs8AV3sTJ0,information technology and services,linkedin.com/company/quant-vortex,,quant vortex,new york,1-10,quantvortex.com
united states,2006,9LTwyOUC9aq0CUdb6nJ6PATP7Ylt,information technology and services,linkedin.com/company/probe-technologies-ltd.,cuyahoga falls,"probe technologies, ltd.",ohio,1-10,probetechnologies.com
united states,2011,3PMwssIlo4IlY2HJCufSuAqP8YVT,information technology and services,linkedin.com/company/zenesys-solutions-inc,houston,zenesys,texas,51-200,zenesys.com
united states,2004,4oQSnkcJyDpZ1Mq0UL3c7g9ByFue,information technology and services,linkedin.com/company/icicle-technologies-pvt.-ltd.,new york,icicle technologies,new york,51-200,icicletech.com
united states,2008,GeQcVzzqgCeVzRLmcmeBWwdxlHnS,information technology and services,linkedin.com/company/odstar-limited,north huntingdon,odstar limited,pennsylvania,1-10,odstar-systems.co.uk
united states,2014,b9MWombwrCICYjnMN693rQGLnAVe,information technology and services,linkedin.com/company/inseroag,tempe,insero,arizona,11-50,linktr.ee/inseroengineering
united states,2013,uOUVDdVm4hVClmNyuwOLjANLasu1,information technology and services,linkedin.com/company/clerisy-inc,cupertino,clerisy inc,california,51-200,clerisy-inc.com
united states,,HAJbS69qeL5gyn1DgCGWvgMlojt3,information technology and services,linkedin.com/company/zentography,,zentography,,1-10,zentography.com
united states,,p5JBnebXiVmDsNu20lG7rw9Whv8V,information technology and services,linkedin.com/company/ruby’s-computer,atlanta,ruby’s computer,georgia,1-10,
united states,2001,RRerefSxwZdp9Cku7hLtLAyyCHaw,information technology and services,linkedin.com/company/inspiring-designs,sandusky,inspiringdesigns.biz,ohio,1-10,inspiringdesigns.biz
united states,,Na3xET7SGZtPo5MzaCtmMwSCYSyw,information technology and services,linkedin.com/company/newtech-solution-inc,st. paul,newtech solution inc,minnesota,11-50,
united states,,2W1dy48CR5yFW32gC6CkywAFywc1,information technology and services,linkedin.com/company/solid-state-computers-pvt-ltd-,harrison township,solid state computers pvt ltd.,michigan,11-50,
united states,1987,YPhAh90rIIWJNpUxBu2TmQnSBncj,information technology and services,linkedin.com/company/consis-international,davie,consis international,florida,201-500,consisint.com
united states,2022,XUtaC9O8JAkzqemECXc36gFaihbn,information technology and services,linkedin.com/company/bjg-tech-llc,mooresville,bjg tech llc,north carolina,1-10,bjgtechllc.com
united states,,F5cQKOCKrjBv98xJBTy2FQtlYK87,information technology and services,linkedin.com/company/bold-capital-strategies,mckinney,bold capital strategies,texas,1-10,
united states,2016,88HqFBP5cBZ90QahzFygZQfkEViB,information technology and services,linkedin.com/company/aresync-officials,bronx,aresync,new york,51-200,aresync.ca
united states,,r0wKxkpNTALTdSNEqRQhfQH9oE2c,information technology and services,linkedin.com/company/athletics-2000,spring,athletics 2000,texas,1-10,athletics2000.com
united states,,qrEIGY7TWM08C3tPalCsCwYhhEjz,information technology and services,linkedin.com/company/techchops,cleveland,techchops,ohio,1-10,
united states,2014,LRn4wtxBfNf1aBwqtROIXQnrodd7,information technology and services,linkedin.com/company/4cube---infrastructure-for-tomorrow,bradenton,4cube solutions,florida,1-10,4cube.com
united states,2010,JJ3SifJ0bB2LHnuMpf2Dewf8tSRr,information technology and services,linkedin.com/company/tembo-consulting-inc-,philadelphia,tembo inc.,pennsylvania,11-50,temboinc.com
united states,2024,FXmfLbKfHIwZDn5r9mq1bgNsDJN5,information technology and services,linkedin.com/company/donamusllc,new britain,donamus,connecticut,1-10,donamus.co
united states,,r1dyBTCEBGiN06uykaDkMgokuvqw,information technology and services,linkedin.com/company/plenit---suporte-estrat-gia-e-resultados-em-ti,,"plenit - suporte, estratégia e resultados em ti",,11-50,
united states,2023,Kx8mgDczDIX2gF9of3XQaAlcRRgb,information technology and services,linkedin.com/company/common-forge,brooklyn,common forge,new york,1-10,commonforge.com
united states,2011,F0gvOCtyR8Z1QTkN3M1EjQxT15QI,information technology and services,linkedin.com/company/social-passport-llc,new york,social passport llc,new york,11-50,socialpassport.net
united states,,X0hLrFWOFGC8CEX232evZg3tjFAe,information technology and services,linkedin.com/company/locating-and-consulting-specialists,,locating and consulting specialists,,1-10,lcsconsulting.net
united states,2016,UblPA986nGm8TBCmOSfwGgyq9dte,information technology and services,linkedin.com/company/packetized-energy,burlington,packetized energy,vermont,11-50,packetizedenergy.com
united states,2023,wccIvwfQS88ITCwitb5W3gq4lSeJ,information technology and services,linkedin.com/company/beep-beepauto,palo alto,beep,california,11-50,beep.repair
united states,,jjZkNJEke8CZORDXcpBrqga4WSXB,information technology and services,linkedin.com/company/kelleher-computer-consulting,,kelleher computer consulting,,1-10,jckelleher.com
united states,1990,79dxjfWk6nGLCb0dA65tHAuuWblZ,information technology and services,linkedin.com/company/paladin-protective-systems-inc.,valley view,paladin protective systems,ohio,51-200,paladinps.com
united states,1996,56V1tDRePI1dMBgM3jCkIA4OWlMR,information technology and services,linkedin.com/company/soft-con-enterprises-inc-,glenn dale,"soft-con enterprises, inc.",maryland,11-50,softcon1.com
united states,2003,0OVStsfrCtcVzayQDwscmQyMwbv0,information technology and services,linkedin.com/company/harmony-computing-services-inc.,kennesaw,"harmony computing services, inc.",georgia,1-10,harmonycomputing.com
united states,2011,dWBCGbxMpAGlhU5YYEW0qgJzlH8m,information technology and services,linkedin.com/company/controle,hinsdale,controle,illinois,11-50,takecontrole.com
united states,,KjVVdWri8wWwDXbptKsP2gGsn61v,information technology and services,linkedin.com/company/archisoft-inc,alpharetta,archisoft inc,georgia,11-50,
united states,2012,MBJqrjKVFRmJNWGLiBqEGQCSsj7Q,information technology and services,linkedin.com/company/elb-us-inc.,pleasanton,elb us inc.,california,51-200,elbglobal.com
united states,2003,vGtrQL9NbuUs5XnuJD6CPwTrLA0T,information technology and services,linkedin.com/company/smartertools,phoenix,smartertools,arizona,11-50,smartertools.com
united states,2023,RXaRC5QwyMFtDEsLe0HN7QMJeQpw,information technology and services,linkedin.com/company/kuvnent-security,ogden,kuvnent security,utah,1-10,kuvnentsecurity.com
united states,,NrWrvLmLzwjG7gbAtW1I7QIYmrC9,information technology and services,linkedin.com/company/the-local-owl,mount dora,"the local owl, llc",florida,1-10,
united states,2019,tBWt6XIw15nmZURySEnThgA1gNcq,information technology and services,linkedin.com/company/pmt-services-incorporated,waukesha,pmt services llc,wisconsin,1-10,pmtservicesincwi.com
united states,,njhCmXLmW5GV8wb56YaSTAVYmm6P,information technology and services,linkedin.com/company/visionglobal-corporation,san francisco,visionglobal corporation,california,1-10,visionglobalinfo.biz
united states,,bFeGumYgLkJBJZYRLYYtzwmRvYET,information technology and services,linkedin.com/company/double-deuce-designs,fresno,double deuce designs,california,1-10,doubledeucedesigns.com
united states,2002,X2zX6YzJ8EEsbmJRyH20ZgQmibDj,information technology and services,linkedin.com/company/information-security-summit,cleveland,information security summit,ohio,1-10,informationsecuritysummit.org
united states,,MJo0bMbLP7KbDTy9McxCkAP6zJOT,information technology and services,linkedin.com/company/nova-communications-limited,torrance,nova communications limited,california,1-10,novacomms.com
united states,2012,2bJQhtHRHqKxY4i5z1GyHgesvr7O,information technology and services,linkedin.com/company/van-ellis-consulting,long branch,van ellis consulting,florida,1-10,vanellisconsulting.com
united states,2010,UstfDTu61nztethntDXS1gzIYaqM,information technology and services,linkedin.com/company/gruene-technology-group-llc,new braunfels,gruene technology group llc,texas,1-10,gruenetg.com
united states,,HQtyq2q37iY5ogrDGLOreA8llrtG,information technology and services,linkedin.com/company/copy-land,decorah,copy land,iowa,1-10,
united states,,chXSqZ3SuVA1Rwn9Ni2UBgDt5KcB,information technology and services,linkedin.com/company/right-90-inc,santa clara,right 90 inc,california,1-10,
united states,2012,Aa9neTKfmcc9XEitj1zMegUTE29k,information technology and services,linkedin.com/company/law-office-of-steven-kahlenberg-inc,sandy springs,law office of steven kahlenberg inc,georgia,1-10,
united states,,NItG4xVlxoIQtBt1B5HlRwtHvXsM,information technology and services,linkedin.com/company/inskey-inc,woburn,inskey inc,massachusetts,1-10,
united states,,r1B2nQSIASPBP6UbUtc4ZACpNMf4,information technology and services,linkedin.com/company/p-c-laser-tech,west columbia,p c laser tech,south carolina,1-10,pclasertech.com
united states,,RwOwsEi4Rp2fmiLby355Sw1QmHqs,information technology and services,linkedin.com/company/myoprocess,dover,myoprocess,florida,1-10,myoprocess.com
united states,2022,CwdQz9ihORdGSzMDcUDsQwEPEqLf,information technology and services,linkedin.com/company/travelogest,boston,travelogest,massachusetts,51-200,travelogest.com
united states,2024,4V1BVM9WgY2zMWh3EMXLrgFqSPJl,information technology and services,linkedin.com/company/precisionlink-technologies-llc,houston,"precisionlink technologies, llc",texas,1-10,precisionlinktech.com
united states,,R7p1yI0TmMzjYkAUOwITtQH24Kd6,information technology and services,linkedin.com/company/scott-depot-christ-fellowship,teays valley,scott depot christ fellowship,west virginia,1-10,sdcf-wv.org
united states,2020,kz9HIWe0IYOkcT8PxaDECAZRAWIz,information technology and services,linkedin.com/company/agingcare-io,new york,agingcare.io,new york,1-10,agingcare.io
united states,2014,FOB7QO7NUm2fpzG62Hmbtw17LiUS,information technology and services,linkedin.com/company/magnus-data,shrewsbury,magnus-data,massachusetts,11-50,magnus-data.com
united states,,BILbY087FRZNd6NIk3fVSQZujod9,information technology and services,linkedin.com/company/bdr-consulting,,bdr consulting,,1-10,bdrconsulting.com
united states,,UQiNpgxCMNHvRUgoruFmnwMAnO8m,information technology and services,linkedin.com/company/arcspectrum-technologies,ames,arcspectrum technologies llc,iowa,1-10,arcspectrumtech.com
united states,2018,CBxcpdCbYytEA7gbeDJ4xwUMP9ee,information technology and services,linkedin.com/company/crowdselling,englewood,crowdselling,new jersey,1-10,crowdselling.com
united states,,IBCVBMlJXkKn3tYqmqCPogjjbMlS,information technology and services,linkedin.com/company/public-surplus,provo,public surplus,utah,11-50,publicsurplus.com
united states,2017,zNat731lxg99Nz8jDSd7AgKS2umV,information technology and services,linkedin.com/company/logic-networks-tech,andover,"logic networks technologies, llc",massachusetts,1-10,logicnetworks.us
united states,,4MIHBqHqfUoxtgfDfPDpLQXutxf5,information technology and services,linkedin.com/company/m-management-systems-inc,van nuys,m management systems inc,california,1-10,
united states,,7f6JoEvSzDAuBea0rJnqlAquA9wf,information technology and services,linkedin.com/company/nationwideitsys,dupont,nationwide it systems,delaware,1-10,nationwideitsys.com
united states,,BqDNZIU7OYZGrM2sru85FQPHSy10,information technology and services,linkedin.com/company/open-source-marketer,,open source marketer,,1-10,opensourcemarketer.com
united states,2015,23giSbOQvFJmNaKk4802eQgTqrIt,information technology and services,linkedin.com/company/zeliatech,kent,zeliatech,washington,11-50,
united states,2006,Q5ogZub1gYwNxTOCbR1vvgdGaWfe,information technology and services,linkedin.com/company/wiser-technologies,paradise valley,wiser technologies,arizona,201-500,wisertech.in
united states,2013,5pHuaHrYmDwM06pe89q2gQ6AiYA2,information technology and services,linkedin.com/company/slidesigma,brooklyn,slidesigma,new york,1-10,slidesigma.com
united states,,tEnLOy3C20BD9qbD5tCS4whGrHcG,information technology and services,linkedin.com/company/available-as-a-managed-services-executive,,available as a managed services executive,,1-10,
united states,2023,i3mZTBymQHYLZu1R8Nc0TwwKBxcc,information technology and services,linkedin.com/company/highlinetechnologies,zionsville,"highline technologies, inc.",indiana,1-10,highlinetechnologies.com
united states,,q5eNvq3Ew7RZCfllbM1EXgRquPoN,information technology and services,linkedin.com/company/techoasisconsulting,farmers branch,techoasis consulting,texas,11-50,techoasisconsulting.com
united states,1994,ZUBTT9bJJMVq7eqQh2jSMglMGZQK,information technology and services,linkedin.com/company/js-martin-transcription-resources,west toluca lake,js martin transcription resources,california,11-50,
united states,,EPeXJejG2dPoGSeaC5OZNAEHeSHy,information technology and services,linkedin.com/company/cherokee-maiden-inc,round rock,cherokee maiden inc,texas,1-10,
united states,2015,wMiSdSRkuaf17k9N3oIjSQUyrSkw,information technology and services,linkedin.com/company/team-frankly,san francisco,frankly ltd,california,1-10,
united states,2021,7dGuRXDU2JoCVmA4dFoOxQvlSk4V,information technology and services,linkedin.com/company/ingresslabs,highland village,ingress labs,texas,11-50,ingresslabs.com
united states,,3zRQi6qXSTfANowRZevP6QjwRzy2,information technology and services,linkedin.com/company/lmteq,frisco,lmteq,texas,51-200,lmteq.com
united states,,PWWu8w5xkqqmaBLhAxfggQIerHkx,information technology and services,linkedin.com/company/us-sales-llc,salt lake city,us sales llc,utah,11-50,
united states,1994,D94ZYYavBPKVkUljDoCWNwM6Lid3,information technology and services,linkedin.com/company/das-enterprises,boca raton,das enterprises,florida,11-50,dasonline.com
united states,,3TbzkL6PTdCmlEcCZM28RQQEymkU,information technology and services,linkedin.com/company/taxdai,,taxdai,,1-10,taxdai.com
united states,1992,l32QbysdM7NjDvdxeK5fXgTZV4kp,information technology and services,linkedin.com/company/spectruminnovations,shelby township,"spectrum innovations, inc.",michigan,1-10,spectruminnovations.io
united states,,TGIi5FoASMoEaQ9fPJeUQgEGBNMG,information technology and services,linkedin.com/company/las-vegas-ai-meetup,las vegas,las vegas ai meetup,nevada,1-10,meetup.com/las-vegas-ai-meetup
united states,2014,B9oWIhORvl1j5PnIkGO56wnPxaCa,information technology and services,linkedin.com/company/b23,,b23 llc,,11-50,
united states,2023,lDaHtuuEvwHzGCzHXGgtMwWUPR5T,information technology and services,linkedin.com/company/the-it-dept-co,dallas,the it dept,texas,1-10,theitdept.co
united states,2021,wWjdIvM4NEuLHfmZSBXCNA7w5D2K,information technology and services,linkedin.com/company/kubesolution,ashburn,kube solutions,virginia,11-50,kubesolutionsllc.com
united states,,lo4fJCEa9KW2DhQvlhJdTwt8uvx0,information technology and services,linkedin.com/company/united-faith-assembly-of-god,leesburg,united faith assembly of god,florida,1-10,
united states,1991,9gJAJGwTj08gxtvGxICU7wVIpmus,information technology and services,linkedin.com/company/prounlimited,san francisco,pro unlimited,california,1001-5000,prounlimited.com
united states,,hAfgV0tjMiNgwtx2Y84MDAfD7S9s,information technology and services,linkedin.com/company/mohid-technologies,glendale heights,mohid technologies,illinois,1-10,
united states,2006,eRKAu2Y481SrH0nqUHfdwQZmjh4U,information technology and services,linkedin.com/company/cumulus-global,westborough,cumulus global,massachusetts,11-50,cumulusglobal.com
united states,2017,0cIqaUQYyu51PkhplvsvzAxoh1MP,information technology and services,linkedin.com/company/topping-technologies,plano,topping technologies,texas,1-10,toppingtechnologies.com
united states,2009,sJvFLFB38PPt5NL2FdhFAQCxM3HY,information technology and services,linkedin.com/company/upinnovation-llc,sault ste. marie,"upinnovation, llc",michigan,1-10,upinnovation.com
united states,,stPxvliBxfWBOns5c22VCgzVpUxs,information technology and services,linkedin.com/company/computer-link-usa-inc,eatontown,computer link usa inc,new jersey,1-10,
united states,1996,Y0ZwaN61L3yOEWe4j8pwWQO6yMsv,information technology and services,linkedin.com/company/the-copier-exchange,las vegas,the copier exchange,nevada,1-10,thecopierexchange.com
united states,2016,VCQm0MpBf1O2JfYqIfzlMAB4AV1d,information technology and services,linkedin.com/company/breakpoint-technology,louisville,breakpoint technology,kentucky,1-10,breakpoint.technology
united states,,kdZm3SMBOYCpiIQGu77T1wSJVT6L,information technology and services,linkedin.com/company/paradise-boat-rentals-sls-llp,lake havasu city,paradise boat rentals sls llp,arizona,1-10,
united states,2019,cDVeuOLg9CJfYlsvLQQhlQx7FiJa,information technology and services,linkedin.com/company/cyalliance,charlotte,cyalliance®,north carolina,1-10,cyalliance.com
united states,,tTs9kg3vgDK8eCuF39n4Jg3P3ZNC,information technology and services,linkedin.com/company/mypc-tech-mobile-service,silver spring,mypc tech mobile service,maryland,1-10,
united states,2020,b0aBCzCujMwiPGZ05hogpA0hxJfZ,information technology and services,linkedin.com/company/seatcash,chicago,seatcash,illinois,1-10,seatcash.com
united states,,NodTOrEmifcyYkv7Yvz5owYBWNWR,information technology and services,linkedin.com/company/calaway-solutions,austin,calaway solutions,texas,1-10,calawaysolutions.com
united states,2021,m3ADOWc2KuYcAP9KHx8lOQvQz1po,information technology and services,linkedin.com/company/lectrium,,lectrium,new york,1-10,lectrium.io
united states,2013,o749EHu6ZmiWOyF3XfEIRQvEE2yp,information technology and services,linkedin.com/company/aryausa,oakland,"aryausa/mobile app development in ios,android,windows",california,51-200,
united states,2021,gTB1cOsG5mWIcQ3BwTR9rwcLrh9U,information technology and services,linkedin.com/company/srimatech,cumming,srima tech,georgia,51-200,
united states,2013,34VGBOnR1KehPBmnTVlznwLiGSLQ,information technology and services,linkedin.com/company/quevera,columbia,quevera,maryland,51-200,quevera.com
united states,,IkUwDOyLhBmeILGaBELJLgfnxOY8,information technology and services,linkedin.com/company/pc’s-mobile-computer-services,weaverville,pc’s mobile computer services,north carolina,1-10,pcmcomputerservice.com
united states,,8E1Ad5gYtjArB6vaSaeytQHDjOhK,information technology and services,linkedin.com/company/sbor-office-systems,walpole,sbor office systems,massachusetts,1-10,sbor.com
united states,2015,ESKqlabvE1GleD9vBauGew4S3ILt,information technology and services,linkedin.com/company/leg3,orlando,leg3 inc.,florida,1-10,leg3.net
united states,2019,TkyBVkAw7DnuqUgdaGfafwbs1B20,information technology and services,linkedin.com/company/outsystemav,san ramon,outsystem av,california,1-10,outsystemav.com
united states,,E0OMKLQJGEsCQBiCukEUnQyy0DYn,information technology and services,linkedin.com/company/decibel-freqs-llc,tullahoma,decibel freqs llc,tennessee,1-10,decibelfreqs.com
united states,,j4SuMQBzl5fGmE6eoljpbgsZkDuT,information technology and services,linkedin.com/company/quality-care-and-rehab-inc,summit,quality care and rehab inc,mississippi,1-10,
united states,2017,Z3N8HesBEOJ64zbBEJFRwgt8RJQN,information technology and services,linkedin.com/company/cyberactionsolutionsllc,lisle,"cyberaction solutions, llc",illinois,1-10,cyberactionsolutions.com
united states,,OHsNfiYJo1xvtBJcZx8KqwEsr1GK,information technology and services,linkedin.com/company/lubavitcher-yeshiva-academy,springfield,lubavitcher yeshiva academy,massachusetts,1-10,
united states,2010,11STlONfPkB0T57xIrJQygqTjvFX,information technology and services,linkedin.com/company/higgs-software-consulting-llc,stuarts draft,"higgs software consulting, llc",virginia,1-10,higgssoftware.com
united states,1995,uhkMhz4CXHIdv1TEYLgPwg8H6xLA,information technology and services,linkedin.com/company/megabyte-computer,ashtabula,"mega-byte computer services, llc",ohio,11-50,
united states,,8ixRe2mC0p8kUQG5WgFa3Q5JdA4p,information technology and services,linkedin.com/company/tualatin-valley-television,beaverton,tualatin valley television,oregon,1-10,
united states,2022,Zg8YgZGovvMdJUFdbXofkgHcUFq4,information technology and services,linkedin.com/company/uc-interlink-inc-,irvine,"uc interlink, inc.",california,1-10,ucinterlink.com
united states,2021,tlskhZ5pkE68jqB8nOXbxAG5qzqj,information technology and services,linkedin.com/company/qantm-ai,ridgefield,"qantm ai, llc.",connecticut,1-10,qantm.ai
united states,,NCDJxOXgfpK2xwubc39figKi6oEi,information technology and services,linkedin.com/company/medsync-llc,missouri city,medsync llc,texas,11-50,emedsync.com
united states,2013,v9GurijVFX6a5pXorH6zeQOcBnQ9,information technology and services,linkedin.com/company/kreiosoft,new york,kreiosoft,new york,1-10,kreiosoft.com
united states,,Wz2tNAIxty4XcpnNoxjdLQsxnZTZ,information technology and services,linkedin.com/company/edgewater-point-estates,boca raton,edgewater point estates,florida,1-10,
united states,,CjEXZTzBalo21So6Fus47w3PxZpy,information technology and services,linkedin.com/company/tekarsh,arlington,tekarsh,virginia,201-500,tekarsh.com
united states,1994,X0FpWMdWmzBPFZP1rjcPAgIYWdXc,information technology and services,linkedin.com/company/answergroup-net-inc,carnegie,"answergroup.net, inc.",pennsylvania,1-10,answergroup.net
united states,2000,Dit2JoRCy4q2cAo4BZCOlgAHitvh,information technology and services,linkedin.com/company/fixit,,fixit-it pty limited,,1-10,fixit-it.com.au
united states,2003,PkIDk36PimAdmnQCc0YF4Qjc9U9V,information technology and services,linkedin.com/company/hawkpoint-technologies,appleton,hawkpoint technologies,wisconsin,11-50,hawkpointtechnologies.com
united states,2020,4b5C8DU8nz57maC4OxKXQA4dDVhV,information technology and services,linkedin.com/company/comston-io-consultancy,claymont,comston.io consultancy,delaware,11-50,comston.io
united states,2001,IpZfN1QQi9NqNo0nMdzhOQzJUnVy,information technology and services,linkedin.com/company/deer-valley-data,deer valley,deer valley data,arizona,11-50,deervalleydata.com
united states,1994,5eRDkZaM9vfdiEwwD2qvEweuAfng,information technology and services,linkedin.com/company/rrsmedical,media,rrs medical,pennsylvania,51-200,rrsmedical.com
united states,,VcVSs8uCax5ekRpGfnkaSwcdCiCZ,information technology and services,linkedin.com/company/trans-union-credit-corp,cranbury,trans union credit corp,new jersey,11-50,
united states,,WCBw5mBS8zOwqiS4l6IS4Q0hItZ9,information technology and services,linkedin.com/company/dataglobe-technologies-ltd,pacific house,dataglobe technologies ltd,california,11-50,
united states,2003,o3BPfXICgh0pJPToQ4ekrgBouo4N,information technology and services,linkedin.com/company/zen-art,new york,zen & art,new york,201-500,zenart.com
united states,,cOPl6PCOQb2R8rfJEPrI0QK8bguE,information technology and services,linkedin.com/company/style-delivers-llc,los angeles,style delivers llc,california,1-10,styledelivers.com
united states,2003,rB6CsmmCsEQApyhBQY8pkQlGvse4,information technology and services,linkedin.com/company/mmy-consulting,indianapolis,mmy consulting,indiana,51-200,mmyconsulting.com
united states,,a9btVdOz0wBhlmfFTwe4Dw0OtxZu,information technology and services,linkedin.com/company/mainmicro-technologies-corporation,new york,mainmicro technologies corporation,new york,11-50,mainmicro.com
united states,,ZrCC2oPaP508VcAGNfGy1Q3nJycE,information technology and services,linkedin.com/company/viking-engineering-lc,houston,viking engineering lc,texas,1-10,
united states,2018,A1y0gHZ7MrGq1bFWkEUYcwNuqZAQ,information technology and services,linkedin.com/company/photosynthesis-live,boston,photosynthesis dot live,massachusetts,1-10,photosynthesis.live
united states,2009,1uJkJw4Ewes1nQ2IfIoc0QhE61aD,information technology and services,linkedin.com/company/cingularit,winter garden,"cingular, inc.",florida,1-10,cingularit.com
united states,1971,PwfUi2ByBYg4fOCzb8p3iAJaHb4D,information technology and services,linkedin.com/company/aquila-division-of-mele-associates,albuquerque,aquila division of mele associates,new mexico,11-50,
united states,2006,mElMBC3Xc6uUkDqR7kYPCA8NEgl3,information technology and services,linkedin.com/company/inmata,fremont,inmata solutions,california,11-50,inmata.com
united states,2005,p4e2l5GUQb5m0HNUNLJZXQb546Yl,information technology and services,linkedin.com/company/computersolutionsinc,savannah,"computer solutions, inc",georgia,1-10,computerserviceandrepair.com
united states,,c20yIuYP0PoxSGWLTRMBTQmGGW7e,information technology and services,linkedin.com/company/belinderoaks,prairie village,belinder oaks,kansas,1-10,belinderoaks.com
united states,,uqI1NV9no3YUGnImBfC3RwSRcJtA,information technology and services,linkedin.com/company/js-computer-services,philadelphia,js computer services,pennsylvania,1-10,
united states,,9N2FC2Fxl02pCh3Ei5ZcnAEYBfES,information technology and services,linkedin.com/company/zoeycomm,boise,zoeycomm,idaho,1-10,zoeycomm.com
united states,,AVFpbekX6VqKHX5EQhdlpAAQNMCl,information technology and services,linkedin.com/company/whitewater-technical-services,lee's summit,whitewater technical services,missouri,11-50,whitewaterts.com
united states,2018,CHBCeIvAut0ij4NQCvWwyA0LY5st,information technology and services,linkedin.com/company/motto-consulting-inc,atlanta,motto consulting inc,georgia,11-50,mottoconsulting.com
united states,,Z0iP5Ckh3opfYqUkkB4JKwtUf9S3,information technology and services,linkedin.com/company/applied-mbse,palm bay,applied mbse,florida,1-10,appliedmbse.net
united states,,99Zwmj6wjP4fAZVkXzpOuQZ5bcPb,information technology and services,linkedin.com/company/heavy-hitters-inc,new york,heavy hitters inc,new york,1-10,
united states,,UjaeUXFRIenKdNPndmThmAYc8Qtu,information technology and services,linkedin.com/company/the-vortex-global-llc,pittsfield,the vortex global llc,massachusetts,11-50,thevortexglobal.us
united states,2019,Nk3DiyjautnwBoXJsZ6YhAoAcivb,information technology and services,linkedin.com/company/brightsidepython,san antonio,bright side university,texas,1-10,brightsideuniversity.com
united states,2013,al6LeaHAQ8Fbu9hBRPKrPgPuv1MU,information technology and services,linkedin.com/company/tomitribe,santa monica,tomitribe,california,11-50,tomitribe.com
united states,2017,qHxapopFk4GEjPQLkZtoGAp9kxCC,information technology and services,linkedin.com/company/sambartech,chicago,sambartech,illinois,11-50,sambartech.com
united states,2012,sJwD52fF5giUxRvSuXvDhgelEMcJ,information technology and services,linkedin.com/company/innov8-media-group,englewood,innov8 media group,colorado,1-10,innov8mediagroup.com
united states,2022,wBanDvrJoT5ftIEiAsEVkg1Oc8h3,information technology and services,linkedin.com/company/launchifi,,launchifi,,1-10,launchifi.xyz
united states,,CWBuXRyCfhEYtCRW31p5PwOUsRlY,information technology and services,linkedin.com/company/wireless-secured,redondo beach,wireless secured,california,11-50,wirelesssecured.com
united states,,XcA96RGBCboREVXyhCyObw2qr70z,information technology and services,linkedin.com/company/raptor-co,palisade,raptor co,colorado,1-10,
united states,2010,IzttLjjUgbaPho0fB0I1CgOLdSug,information technology and services,linkedin.com/company/techhelpme.com-inc.,cary,"techhelpme.com, inc.",north carolina,1-10,techhelpme.com
united states,2012,yXuWxP5Z8kwNBepGHB9nIAcZjj9S,information technology and services,linkedin.com/company/surelogic-llc,oakhurst,surelogic llc,california,1-10,surelogicllc.com
united states,,oMznCPeium3YYThldLCVEgE0E0IM,information technology and services,linkedin.com/company/channel-capital,,channel capital,,1-10,chancapital.com
united states,2024,MSzzhDXJtz6yKfl6UWsP9gwTlbC0,information technology and services,linkedin.com/company/kirosys,lawrenceville,"kirosys, inc.",georgia,1-10,kirosys.com
united states,2002,HxuaFjkOEw6yUoYQNxVkogg8ZuPX,information technology and services,linkedin.com/company/archerpoint,lawrenceville,archerpoint,georgia,51-200,archerpoint.com
united states,,npwlyzojLaMga6Bwmxrfhg1HaZXE,information technology and services,linkedin.com/company/360-art-svc,houston,360 art svc,texas,1-10,360artservices.com
united states,2016,GqXStlAFXJW6X0MHVhQjMgz0rmkA,information technology and services,linkedin.com/company/innovatebirmingham,birmingham,innovate birmingham,alabama,11-50,innovatebham.com
united states,2020,JA3YRJUUFUfWJzIyF7XITwhx5MTZ,information technology and services,linkedin.com/company/qocinnovations,columbus,qoc innovations,wisconsin,11-50,qocinnovations.com
united states,,tmmAzWWZBUAQzwFGwvykwAOFVjsy,information technology and services,linkedin.com/company/windstar-group-llc,kaneohe,windstar group llc,hawaii,11-50,
united states,2015,vAvvUyMwMePD5L1ASBCBXgqtickk,information technology and services,linkedin.com/company/pursuitiq,chicago,pursuit iq,illinois,1-10,pursuitiq.com
united states,2015,UzKCht2KJRtKLSNWCfJZ0gF16yfF,information technology and services,linkedin.com/company/parse-software-development,lincoln,parse software development,nebraska,1-10,parsesoftware.com
united states,2018,rJeyoKXWfRV34l1XUCyYEg9y1tgX,information technology and services,linkedin.com/company/digital-diversity,milton,digital diversity,louisiana,1-10,digitaldiversityla.com
united states,2005,gZFgAVF1FuXmXDKjz2o1HAzqJLnF,information technology and services,linkedin.com/company/marquee-communications-inc.,lakewood,"marquee communications, inc.",colorado,1-10,marqueecommunications.com
united states,2020,81MpwXwEXZZnzTFX9l7B1AWkzkoL,information technology and services,linkedin.com/company/xl3-consulting,st. petersburg,xl3 consulting,florida,1-10,
united states,,mWbRnuEnR4vfdgUEBOCCPwtDf6VU,information technology and services,linkedin.com/company/augite-tech-giants-inc,dallas,augite tech giants inc,texas,1-10,augitetechgiants.com
united states,2016,QZNTrhQPXNQkrqZlfVGuRA6LGTsT,information technology and services,linkedin.com/company/big-tuna-solutions,torrance,big tuna solutions,california,1-10,bigtunasolutions.com
united states,2015,yL2g12ReoqCVVEhHaXmqTgA6BYGm,information technology and services,linkedin.com/company/labdynamo,delray beach,lab dynamo,florida,1-10,labdynamo.com
united states,,A52tjba3YXsgN2ggAgegTQVZ5im1,information technology and services,linkedin.com/company/health-pattern-metrics,upper darby,health pattern metrics,pennsylvania,1-10,
united states,,nKhwZhFcIq5svBCml7REOAlasfgR,information technology and services,linkedin.com/company/fotas-lfc,state line,fotas lfc,new york,501-1000,
united states,,bWBwWfG0iaeRdJavSMHtKQVrPnQk,information technology and services,linkedin.com/company/dhvssolutions,huntsville,dhvs solutions,alabama,1-10,dhvssolutions.com
united states,2019,mTt4Ua0im6WyOUBls8kPBALcOwtY,information technology and services,linkedin.com/company/elemenzs,libertyville,elemenzs,illinois,1-10,elemenzs.com
united states,2007,hsDNBtUwCBrfcmnUS5dfDwusj16Z,information technology and services,linkedin.com/company/vnb-consulting-services,clark,vnb consulting services,new jersey,51-200,vnbconsulting.com
united states,2019,BRBdnyVDmkfhUDvbEPTvDgrBVBE9,information technology and services,linkedin.com/company/excelnet,weston,excelnet,florida,11-50,excelnet.com
united states,,WBjJptzsOrRtTmzPCalRrwUUsHIy,information technology and services,linkedin.com/company/inbound-call-experts-llc,boca raton,inbound call experts llc,florida,51-200,inboundcallexperts.com
united states,2018,f2Kh9WqD68RCoYI3btGrSgdwbs7P,information technology and services,linkedin.com/company/king-strategy-solutions,atlanta,king strategy solutions,georgia,1-10,kingstrategysolutions.com
united states,,rrYiBtGv3lmbqAlwlhRDkgEllT3r,information technology and services,linkedin.com/company/all-computer-repair,north miami beach,all computer repair,florida,1-10,all-computer-repair.com
united states,,M2MOfhnCQyWohAcOG3wjwAu6B5bV,information technology and services,linkedin.com/company/hands-on-computer-training,bend,hands on computer training,oregon,11-50,
united states,1989,QdrraZuC5UlZnIhBZOEzWwhBokjD,information technology and services,linkedin.com/company/computer-&-peripherals-group-inc,anaheim,"computer & peripherals group, inc",california,11-50,
united states,2017,ISYTd4T1Xa3sMOS9vEL4IA5pdIow,information technology and services,linkedin.com/company/getparasol,glen allen,parasol,virginia,11-50,getparasol.com
